path,size_bytes,sha256
.zenodo.json,980,43a988976371341f3e9461584369a50622c6305089de5bcd96fba538f29033a3
CITATION.cff,574,667a945a8a1fd3dc0a4fc9110955c28456b0fab9229ea1a63f57980354aa7a10
LICENSE.md,782,bbdecf26c995a259858638411769518d7c467fd604c0ea6a6b403b9ab03c1e4e
PRIVATE_DATA_EXCLUSION.md,732,0115854f4ae0db6d107e9527b4ae77cbbb7289e8b8a8246171d99c671ad64f4f
README.md,1749,ff05610c0bf407da45daeb103d8f3ad8f4618f1a1a4fe37632b3d34ca5a09bde
RELEASE_NOTES.md,698,742e66225f93c4c7817a7efb05cc2df8f73967f49d72e5a983b95e9191761d23
paper1_eaai/paper1_eaai_reproducibility_package/DATA_LICENSE_AND_REDISTRIBUTION.md,1575,3f997293022ea0cede4c70c8d9447336efbafa56e81880de6f5d2379879c446e
paper1_eaai/paper1_eaai_reproducibility_package/README.md,5295,bedde7ff1c5bc9535a2d83a12148ff35ba1f6cd35fa6dd39e33e99cecd02e667
paper1_eaai/paper1_eaai_reproducibility_package/REPRODUCE_RESULTS.sh,828,29e35f8c8f5ee4910879cd880f6a8a39e655e74209309d4008fba151c89a3965
paper1_eaai/paper1_eaai_reproducibility_package/RUN_COMMANDS.sh,1022,3078321a991cd33719b5eb765651c61858113eb6e4d81285c92027d368828da5
paper1_eaai/paper1_eaai_reproducibility_package/data/PUBLIC_DATA_SOURCE_NOTES.md,1888,339b68ab6bcd21f6a6aac60082398d7837375d407f2e2aacb08325bbe72aec4e
paper1_eaai/paper1_eaai_reproducibility_package/data/processed/opsd_hourly_price_load_renewables_tidy.csv,22900492,b84dc2c77a5b4f3dfe21e4f729d4f45ccf1aece61ade150564bd6b154bf659d9
paper1_eaai/paper1_eaai_reproducibility_package/figures/paper1_fig10_opsd_deep_graphpatch_spike_rmse.png,58233,a59bea5a1a4eb39b2868c8bba44064c5674d961307f7e743024ee2a5cd87f549
paper1_eaai/paper1_eaai_reproducibility_package/figures/paper1_fig11_opsd_deep_graphpatch_conformal_blend.png,59891,80a7dc993f6d90505a55f4d5cffebe7349e9a368feff716ae1b62facb5ff4a79
paper1_eaai/paper1_eaai_reproducibility_package/figures/paper1_fig12_opsd_graphpatch_rolling_origin.png,53895,2f105567366d9121d770acbd7f7586c808d3a8578f3d4552bde3427886d3271d
paper1_eaai/paper1_eaai_reproducibility_package/figures/paper1_fig13_opsd_graphpatch_zone_holdout.png,44547,917eccaf019800fbeb00482cee8553295dfcbdae4f171f553fb2223534ccc157
paper1_eaai/paper1_eaai_reproducibility_package/figures/paper1_fig14_opsd_modern_sequence_vs_graphpatch.png,62043,a7fe8ea4b7eda61c4a13c38f6366649ba101b7e4d241d7e0028810c396864ded
paper1_eaai/paper1_eaai_reproducibility_package/figures/paper1_fig15_opsd_sequence_anchor_graphpatch.png,57608,297401be17802b8069b4a6476c15112263762d4aad32aa60e887c9f90e2b5c8b
paper1_eaai/paper1_eaai_reproducibility_package/figures/paper1_fig16_opsd_spike_threshold_sensitivity.png,47306,132ce7f0f14047210ec94c287c79aa26ac88a37fa932f819080ecb4b8eef1738
paper1_eaai/paper1_eaai_reproducibility_package/figures/paper1_fig16_opsd_tdconv_anchor_graphpatch.png,59706,2e67cfd744868ff27381dbee0a32f450a69c3979a3935a6e8c774f298a8e4a68
paper1_eaai/paper1_eaai_reproducibility_package/figures/paper1_fig17_opsd_calibration_window_sensitivity.png,50092,235d2a2e6121c8d387a9921cc591ea40e289167fadeaee5ebf8cb64ed0cde192
paper1_eaai/paper1_eaai_reproducibility_package/figures/paper1_fig17_opsd_patch_attention_baseline.png,56917,df9dfaddf63eccf0037c9671af39f491c0ac201380cb674a4817924517b36786
paper1_eaai/paper1_eaai_reproducibility_package/figures/paper1_fig18_china_real_market_price_baselines.png,78182,f9390958f35f15294439d58cd78381068e4e6f3a886e0d4131717ffbd610d7c3
paper1_eaai/paper1_eaai_reproducibility_package/figures/paper1_fig1_architecture.png,115714,7c67fa700694bc2a9c43edc41b19a5bd17cff9ccac088d46e5347c6a527350f9
paper1_eaai/paper1_eaai_reproducibility_package/figures/paper1_fig2_price_interval.png,54698,894bd07c3cb925919649a1df6c24c8cd286d3cd2722ae5ed9de4a39cdf5b6af1
paper1_eaai/paper1_eaai_reproducibility_package/figures/paper1_fig3_coverage.png,39595,e7fab2ed9a7c47f36259938f0562d8f62ef284aaf6bccfa37781bc6522ca5953
paper1_eaai/paper1_eaai_reproducibility_package/figures/paper1_fig4_opsd_conformal_coverage.png,46708,d63e4d6e68bbf73f2a24e90e03fea391ab5c1fdfcdf5ae08fb80876c94ade139
paper1_eaai/paper1_eaai_reproducibility_package/figures/paper1_fig5_opsd_conformal_interval.png,59064,cc72b7ae635f8de35df85bc0be93ed2d3a13ef6623520f538709b342f1a1928c
paper1_eaai/paper1_eaai_reproducibility_package/figures/paper1_fig6_opsd_graph_temporal_spike_rmse.png,61614,f527958f1f844042ead4141771d236ee4548e200b346592d354d11204f2eb7dc
paper1_eaai/paper1_eaai_reproducibility_package/figures/paper1_fig7_opsd_graph_temporal_improvement.png,62302,a277c85fe88cae469b0c4e491121fc8793bdbc0c93aa070798cc97d46e5bb208
paper1_eaai/paper1_eaai_reproducibility_package/figures/paper1_fig8_opsd_nonlinear_spike_rmse.png,59511,d51a46c83f3c4007643bd4739f97e04626ba8b860b3bcca6681805e8462b117b
paper1_eaai/paper1_eaai_reproducibility_package/figures/paper1_fig9_opsd_paired_spike_win_rate.png,62997,ee4458796d7c10ba99859ea94af755a839786193b051af2dd1147eab7507e208
paper1_eaai/paper1_eaai_reproducibility_package/manuscript/paper1_sensitivity_results_block.md,2398,3436e23af98ee113b2e3aae54255c3fabf20a132700449727e087abb2c21f16e
paper1_eaai/paper1_eaai_reproducibility_package/manuscript/paper_1_data_code_availability_pack.docx,39920,961b95247ddc0061030c03d477e265b1cdaa89b1670aac0eb0a76537bceea305
paper1_eaai/paper1_eaai_reproducibility_package/manuscript/paper_1_data_code_availability_pack.md,8599,a17ae84dc008a1a474ba845b17e16ab634ca2eb9404998d55aee9a53dc615e06
paper1_eaai/paper1_eaai_reproducibility_package/manuscript/paper_1_eaai_anonymous_manuscript.docx,824009,8d917d8989044f21717a938211fe3908d415f04f62e9a2bc1348c1ea841d0bca
paper1_eaai/paper1_eaai_reproducibility_package/manuscript/paper_1_eaai_anonymous_manuscript.md,56902,280a3f7f3108fd86d285618f3768a8caccb3056b9d070328947292c9040c0e35
paper1_eaai/paper1_eaai_reproducibility_package/manuscript/paper_1_eaai_highlights.docx,36948,34dcdb9012f52c6dd625a32e04d752152b369def161919ebcfb46197398f184d
paper1_eaai/paper1_eaai_reproducibility_package/manuscript/paper_1_eaai_highlights.md,412,75af67cae402db859f2fd2196c26934bd68f8411682c7b9f2f1a1b46a8653cd1
paper1_eaai/paper1_eaai_reproducibility_package/manuscript/paper_1_eaai_submission_checklist.docx,38283,e24ea724f8944f9cf89aca0a84164e520aa32badb5635ddafeb1a6863c13c752
paper1_eaai/paper1_eaai_reproducibility_package/manuscript/paper_1_eaai_submission_checklist.md,2625,f737404756c5dbf00085aac8207199d0c1adfc843751228b9da0f3e14d23d096
paper1_eaai/paper1_eaai_reproducibility_package/manuscript/paper_1_eaai_title_page_and_declarations.docx,38074,bc8762d9f1a1a39746b72c641d85c52304f60cbd2d70383294f23801a5447b8a
paper1_eaai/paper1_eaai_reproducibility_package/manuscript/paper_1_eaai_title_page_and_declarations.md,2777,a488a696a212c365504020ec99e901b4608e75316e6b02af2a2f1e8b542b5fe0
paper1_eaai/paper1_eaai_reproducibility_package/manuscript/paper_1_price_forecasting.md,50494,c4e65d8d36d49cde4910523eadd9dc3429d4e2b053096254a340082a74e79f31
paper1_eaai/paper1_eaai_reproducibility_package/references/paper1_eaai_manual_reference_audit.md,4702,c8a04d314496cabc42004347af62898aa19420599b7c1dd638b62201a209d742
paper1_eaai/paper1_eaai_reproducibility_package/references/paper1_eaai_verified_reference_block.md,8125,d1595bf09622e47faf67b379b459f7ebd1bee8ba45a26c1783390f30718e7684
paper1_eaai/paper1_eaai_reproducibility_package/references/paper1_eaai_verified_reference_register.csv,8510,3a9dc5444e3d60e627f811ad06627a1e10513fa2011aef96602f68b5bf5358bf
paper1_eaai/paper1_eaai_reproducibility_package/references/paper1_eaai_verified_reference_register.md,9011,20851f3eab7e6616db0431ae503483176fdacc14f744903c65e6f51b00633960
paper1_eaai/paper1_eaai_reproducibility_package/references/paper1_eaai_verified_references.bib,14174,d866eebdacb95df814b056348f7adc69176f03040e45e5fde157a7c23a614fb5
paper1_eaai/paper1_eaai_reproducibility_package/repository_release/.zenodo.json,912,8c3936a25ae7ea2fdbb49abca4b7dc0c39006fcf8310cee7c5222645c5eb0b5f
paper1_eaai/paper1_eaai_reproducibility_package/repository_release/CITATION.cff,826,b718fcb2672c11d3812d0fc4caf2824f93d3738327282d761e6b5b3746f594d1
paper1_eaai/paper1_eaai_reproducibility_package/repository_release/CODE_AVAILABILITY.md,707,9c30280b2056a253489c21376a0bf865c246a23394e228461420551a700c7c42
paper1_eaai/paper1_eaai_reproducibility_package/repository_release/DATA_AVAILABILITY.md,1439,0559c6e6d83ae8f3f27820d014025efb7ccda6076089dbbaa5a1af37103c6f4f
paper1_eaai/paper1_eaai_reproducibility_package/repository_release/REPOSITORY_RELEASE_NOTES.md,1022,b2040649b927f0bbdb929024fdec24ed39ffb615583fa7acb3ac3d024869aa5e
paper1_eaai/paper1_eaai_reproducibility_package/requirements-paper1.txt,32,c8b6ba788a084a915945fcd734e910670b45c560c25e927997d0ca7b50ae3a73
paper1_eaai/paper1_eaai_reproducibility_package/results/opsd_conformal_calibration_window_sensitivity.csv,4320,faeab369b50daf7b6e8977056692cc2d5fad99766250df9bc2bf321f121df2b9
paper1_eaai/paper1_eaai_reproducibility_package/results/opsd_conformal_calibration_window_sensitivity_aggregate.csv,682,bf67c1a6154053c6e1431c7fcf30c5bd88e7e05f90646e3814b2233781e53e5e
paper1_eaai/paper1_eaai_reproducibility_package/results/opsd_deep_graphpatch_price_conformal_summary.csv,1523,16ba1d791196cb63c62541839cf36f786c5f2707d5c6a9d00b08b9de0ffc850a
paper1_eaai/paper1_eaai_reproducibility_package/results/opsd_deep_graphpatch_price_daily.csv,6120761,a0655a1ad4833ab9de8f14f80ddfba756fefd237bcc46c37f5dd57901db2a1d0
paper1_eaai/paper1_eaai_reproducibility_package/results/opsd_deep_graphpatch_price_paired_tests.csv,5264,f2ad30924fbe1ad7d9c96b222fbded41ceccfd0eefb796785e92611bd68582a2
paper1_eaai/paper1_eaai_reproducibility_package/results/opsd_deep_graphpatch_price_summary.csv,8791,3a8186a846592dcae606e21abd7745ab5e0a59ae67390bbc57fce4f536ab2260
paper1_eaai/paper1_eaai_reproducibility_package/results/opsd_graph_temporal_price_ablation_summary.csv,4159,fba8eb766ee9f2dbc1ddfb6e9a6dd60c28d4b3849dc6e8691906b19934631ddd
paper1_eaai/paper1_eaai_reproducibility_package/results/opsd_graph_temporal_price_conformal_summary.csv,1187,9282b709220711ea88486091e38cc8fe9ded4fd91d042cc6b23e38b9e88f3111
paper1_eaai/paper1_eaai_reproducibility_package/results/opsd_graph_temporal_price_daily.csv,4900240,b064a34b6312abfdd189d3eebd57752dd76677b74188b55d90532bdeabbd2e5b
paper1_eaai/paper1_eaai_reproducibility_package/results/opsd_graphpatch_robustness_aggregate.csv,889,0a45aa7f84c1286a2e2c6ad83d1c9cccc3ed6e57a9e90404c21a5baf2676426c
paper1_eaai/paper1_eaai_reproducibility_package/results/opsd_graphpatch_robustness_paired_aggregate.csv,255,d4d12e6b781adced1d3873a7ae11b39aa360b24efdb9252fd46e2e04e5aadaf7
paper1_eaai/paper1_eaai_reproducibility_package/results/opsd_graphpatch_robustness_paired_tests.csv,8124,73f734bfd1bed77b4bbb3d8a3fed7780f528e69b281e4e42b4ef0a7731f05891
paper1_eaai/paper1_eaai_reproducibility_package/results/opsd_graphpatch_robustness_summary.csv,19652,0f4f29814c752991bd6455fa319824e0b1d95cd96137cdc18d209170028e7e44
paper1_eaai/paper1_eaai_reproducibility_package/results/opsd_modern_sequence_price_baselines_daily.csv,3203423,2c9b3919d5daf0dc22916b447aad0be39518ad040029b7442d922eae3fa98320
paper1_eaai/paper1_eaai_reproducibility_package/results/opsd_modern_sequence_price_baselines_paired_tests.csv,2147,4fdd5d454c088d2823b8e48a391fc4c6248a6f9eaa3fca11a9a4cee645e128af
paper1_eaai/paper1_eaai_reproducibility_package/results/opsd_modern_sequence_price_baselines_summary.csv,3113,1b3948e3a43e4908d7400c4aa3c234c8752e23c05c7b4cd6952f930da048f282
paper1_eaai/paper1_eaai_reproducibility_package/results/opsd_nonlinear_price_baselines_summary.csv,6340,da634681bf834cb037fae5e2ce5ef651b2e3a4c43be4002ac3b66cc07bc958e4
paper1_eaai/paper1_eaai_reproducibility_package/results/opsd_nonlinear_price_daily.csv,3820558,41002a80bd4803fc4d0b4c8aaad4f1c399ac170cb0f4ec4a768a2072d3073091
paper1_eaai/paper1_eaai_reproducibility_package/results/opsd_nonlinear_price_paired_tests.csv,3589,a76090b975e5c6eb6116dc741b36cee21e887cf0edfb5835a6ba42ac3e1028a5
paper1_eaai/paper1_eaai_reproducibility_package/results/opsd_patch_attention_price_baseline_daily.csv,5056240,6b59617c7cd943026bca0fc5181f622d6a0262ba771ebd32f7255bd3533abf11
paper1_eaai/paper1_eaai_reproducibility_package/results/opsd_patch_attention_price_baseline_paired_tests.csv,9125,806014d09f12141a803b94969f7de158731fafa97614afb88a42ad7ae2e8040a
paper1_eaai/paper1_eaai_reproducibility_package/results/opsd_patch_attention_price_baseline_summary.csv,9947,4a8576518119b8a8ebfaf234ad772a0288c4f81a7f52e4ddb6e7eb1ce5d41730
paper1_eaai/paper1_eaai_reproducibility_package/results/opsd_price_probabilistic_conformal_daily.csv,5564247,1816b799c8129a8b9596948e2bd3db0f6bfb77d8df6044936e8031c77fafa503
paper1_eaai/paper1_eaai_reproducibility_package/results/opsd_price_probabilistic_conformal_summary.csv,2154,6e3d426b9e9cf9ef140c5956498009a52d1bcb263d297e0f9c78e7745e6d6504
paper1_eaai/paper1_eaai_reproducibility_package/results/opsd_public_baselines.csv,3221,1d67da1108dbcbcefac769d112c237bae2ab9515ca20735dfe5af70d46b776ee
paper1_eaai/paper1_eaai_reproducibility_package/results/opsd_public_dataset_stats.csv,585,e470ba855d0559c82370b9d414edf88bec0927d41066bcc5cdfa2421787ac08c
paper1_eaai/paper1_eaai_reproducibility_package/results/opsd_sequence_anchor_graphpatch_diagnostics.csv,809,7b6ed619046fe80d6761e9f3484bb41e486f05350575523e756be570f127d373
paper1_eaai/paper1_eaai_reproducibility_package/results/opsd_sequence_anchor_graphpatch_price_daily.csv,5272576,29ce9209f9c78b60fb913032f6998d940b4dde9d3f56e96ce396da49fb72c65a
paper1_eaai/paper1_eaai_reproducibility_package/results/opsd_sequence_anchor_graphpatch_price_paired_tests.csv,2250,b9cdc97cd8c0e27748201d2eb8e67f0023f1d83a2812749624066793a659ff7a
paper1_eaai/paper1_eaai_reproducibility_package/results/opsd_sequence_anchor_graphpatch_price_summary.csv,5439,f21d349b31beb79a8eaf562fd5b3d55696df4d5e44b969005f3a38382b10b778
paper1_eaai/paper1_eaai_reproducibility_package/results/opsd_sequence_anchor_spike_threshold_sensitivity.csv,1973,dc1ee056434f8d8c21bb9aba2e1368a0e9644c163cfde3bdd8146b0ad894352a
paper1_eaai/paper1_eaai_reproducibility_package/results/opsd_sequence_anchor_spike_threshold_sensitivity_aggregate.csv,390,12e662b9df4a8314c8439431b95011816ee612d2e7efea3a4dc7055fa3d9dc52
paper1_eaai/paper1_eaai_reproducibility_package/results/opsd_tdconv_sequence_anchor_graphpatch_diagnostics.csv,789,d9994241784f6153b84b5c11d12de0af1bafa405bb17c9763d0f6f4a39e4a653
paper1_eaai/paper1_eaai_reproducibility_package/results/opsd_tdconv_sequence_anchor_graphpatch_price_daily.csv,6964120,949591fec1ea2faefc349839be131fc8df8b21dadf78e4fb62ae40113a0fc58f
paper1_eaai/paper1_eaai_reproducibility_package/results/opsd_tdconv_sequence_anchor_graphpatch_price_paired_tests.csv,4364,bc282f2ef9be17e7ba3cad14c269ea143427e645f0025d6d4ce77624e8e4e606
paper1_eaai/paper1_eaai_reproducibility_package/results/opsd_tdconv_sequence_anchor_graphpatch_price_summary.csv,13376,9b8c26a35fb075d233e7812999140df586a166abdf7b360f9bb8715fa67c41d9
paper1_eaai/paper1_eaai_reproducibility_package/scripts/build_eaai_paper1_submission_pack.py,49098,7cefe4b789f63ec112d12d5255a8496f03f166f7dcb3745a8a77cd8201768192
paper1_eaai/paper1_eaai_reproducibility_package/scripts/build_paper1_data_code_availability_pack.py,11149,88fdd80088b25563bbaf1207d0f34bbc1be3577ff38e7b84d812214f0e7b02e4
paper1_eaai/paper1_eaai_reproducibility_package/scripts/build_paper1_eaai_reference_assets.py,22055,9c4bd8fe1dba4d72adaa6e6cdf88fdb327d797359379ba113d2f73a97792451a
paper1_eaai/paper1_eaai_reproducibility_package/scripts/build_paper_package.py,56862,d49df05ea6fe29dd7eb3cc5e0597ae70c7121a0d5a70c32ab2f6c4aecb630aa2
paper1_eaai/paper1_eaai_reproducibility_package/scripts/public_data_download_templates.py,4277,a78cb49ce5e14bdbcccb312f2bbfd31b10cc0a81f071c2d07be9cf62a55d7805
paper1_eaai/paper1_eaai_reproducibility_package/scripts/run_opsd_deep_graph_patch_price_model.py,22033,50f12d209fa47676bc372d7519ccb4068f04d18c16e3fd1c8eb232b1f6dbbe8a
paper1_eaai/paper1_eaai_reproducibility_package/scripts/run_opsd_graph_temporal_price_ablation.py,16258,494404d1d3c28babdcfd3c389d847a26aab80e8d29bdb5b5a1dbacebc1fa9974
paper1_eaai/paper1_eaai_reproducibility_package/scripts/run_opsd_graphpatch_robustness.py,16630,bffe822d8ab24ac5e9760a4c27f2cf3dc15df57fe498fcfb0db12f8ce0899fb8
paper1_eaai/paper1_eaai_reproducibility_package/scripts/run_opsd_modern_sequence_price_baselines.py,11122,696bced1079ae13da69f0c59818dfea8e1aece13df74ae9713a1fd880d83be7b
paper1_eaai/paper1_eaai_reproducibility_package/scripts/run_opsd_nonlinear_price_baselines.py,14209,20367967c8eb671705831c98a5394cb8bdbde3e3bcc9f355ba57703102699967
paper1_eaai/paper1_eaai_reproducibility_package/scripts/run_opsd_patch_attention_price_baseline.py,14011,81c8980addae4e829f0f1fbbb05daa9a9b8f57265c360af21d1eec5ad9989f77
paper1_eaai/paper1_eaai_reproducibility_package/scripts/run_opsd_price_sensitivity_checks.py,19262,b76ba8325ad72c156c90b0c9a0c0b233fe649832a0afd78a8c193388181e31c7
paper1_eaai/paper1_eaai_reproducibility_package/scripts/run_opsd_probabilistic_price_model.py,12599,207d2925df0fb5ddcb4add1902988cc9b5a2e5a85d95aa234ed2711a0593f5a9
paper1_eaai/paper1_eaai_reproducibility_package/scripts/run_opsd_sequence_anchor_graphpatch_price_model.py,13452,cb55599154e445171fe43dd5901817f3b8576a9cea5e7e70649b59dbb0437595
paper1_eaai/paper1_eaai_reproducibility_package/scripts/run_opsd_tdconv_sequence_anchor_graphpatch_price_model.py,17182,7b40c6bac9cb885545166261d2fc2be942b18431b719de797ce581ec9d4609df
paper1_eaai/paper1_eaai_reproducibility_package/scripts/run_public_opsd_baselines.py,9873,e544074b0029da9cf3769a2d39ac47bc2289c3da262858a7d03d96eae4ec1ec2
paper1_eaai/paper1_eaai_reproducibility_package/scripts/verify_paper1_supplement_package.py,9945,e78a86fcefa26653fec1634f5508cbebf31f921eabf832ec1adf7515ba1306de
paper2_ieee_access/paper2_transferable_load_reproducibility_package/DATA_LICENSE_AND_REDISTRIBUTION.md,1831,7534cd804a744d87be0089fe76531f37109d11509a20d979eef45ddf0c0d4d77
paper2_ieee_access/paper2_transferable_load_reproducibility_package/EXPERIMENT_RUNBOOK.md,82556,115b2f193f3384992edaf870eb799def087bb56f4a3443c8b601183969b94868
paper2_ieee_access/paper2_transferable_load_reproducibility_package/README.md,6300,2bedbbd3f8afacf1612f8aba9079341f9de1043fabd21e3e12a87d29147dbe87
paper2_ieee_access/paper2_transferable_load_reproducibility_package/REPRODUCE_RESULTS.sh,863,9b478ac23aaf474d7981a4212d122683398fa30bb0bd7747562ff12685ce7209
paper2_ieee_access/paper2_transferable_load_reproducibility_package/RUN_COMMANDS.sh,1598,6a2125a20fee6ac22e58c7462b59db0733ec4f453edabebf46f733cb3031a5ff
paper2_ieee_access/paper2_transferable_load_reproducibility_package/SUBMISSION_GAP_CHECKLIST.md,66503,fb4653ce7a0a47be2d0273d5162916575689573858e0d6f3306f4b5c1bca5247
paper2_ieee_access/paper2_transferable_load_reproducibility_package/data/PUBLIC_DATA_SOURCE_NOTES.md,1209,1e29f240a57987c16787ca3703975e12f385bd28430fb5cffdee4b9bf2de80c0
paper2_ieee_access/paper2_transferable_load_reproducibility_package/data/processed/opsd_hourly_price_load_renewables_tidy.csv,22900492,b84dc2c77a5b4f3dfe21e4f729d4f45ccf1aece61ade150564bd6b154bf659d9
paper2_ieee_access/paper2_transferable_load_reproducibility_package/data/processed/uci_appliances_energy_supervised_1h.csv,8039031,2e1c192d5f6ec5b1b9c2c05f8208a08955ad286d48a266fb0ca027031dafa242
paper2_ieee_access/paper2_transferable_load_reproducibility_package/data/processed/uci_electricity_hourly_selected_clients.csv,15593674,d4e3aa3229592328c9f16601d890c970d6f3bca62e77e65b36650d4f11f97e71
paper2_ieee_access/paper2_transferable_load_reproducibility_package/data/processed/uci_electricity_hourly_selected_clients_wide.csv,6308342,0f1e0bf5498c194815edc07d835d19342651fb94ce0976bf6cd26fead2492a30
paper2_ieee_access/paper2_transferable_load_reproducibility_package/figures/paper2_fig10_uci_appliances_second_dataset.png,56108,4dfdc3dc5475bc9565bdb176917742a4264bafa8f1dc3bbc4f947bf5539cf3bc
paper2_ieee_access/paper2_transferable_load_reproducibility_package/figures/paper2_fig11_uci_trainable_tdconv_baseline.png,87531,14bb9bc249a720d61b0585722a0c66079b111a5fb3e7b14a3e1d16d8958f310e
paper2_ieee_access/paper2_transferable_load_reproducibility_package/figures/paper2_fig12_china_real_load_weather_baselines.png,75895,ea849b341d4904017a08eade77895018c2d7570ad6915a792b8e532e2b359294
paper2_ieee_access/paper2_transferable_load_reproducibility_package/figures/paper2_fig13_uci_appliances_multihorizon_robustness.png,53982,a9afaf2aa73b697ae18b9d61c6e65effcd3f388b5184a243ca7389b5c4e7ac44
paper2_ieee_access/paper2_transferable_load_reproducibility_package/figures/paper2_fig14_uci_neural_tdconv_residual_check.png,87184,1967a39273e0a7b835f3ecd10ce28d2e5943c4048993e7b57b4d1f944739e97c
paper2_ieee_access/paper2_transferable_load_reproducibility_package/figures/paper2_fig15_uci_tdconv_multiseed_stability.png,70583,8431800267c53fffc220e7c90ad3c5a88328030b3b80c1349ce32286f69e424f
paper2_ieee_access/paper2_transferable_load_reproducibility_package/figures/paper2_fig16_uci_patch_attention_transfer_baseline.png,82590,8aa80e2f591f8bb68cf636e2ce4e752d744f9b63ec363d486576f9e4be10a709
paper2_ieee_access/paper2_transferable_load_reproducibility_package/figures/paper2_fig17_uci_source_mlp_transfer_baseline.png,82545,4297b79c24f72e395493b839f7e07fcbe4ed577420a6477966ea17916d2ccfc4
paper2_ieee_access/paper2_transferable_load_reproducibility_package/figures/paper2_fig1_framework.png,74745,0aedef4f07b0e97e9075c8e27815df601d4f2fab9d4253d04abcfbae054f34cf
paper2_ieee_access/paper2_transferable_load_reproducibility_package/figures/paper2_fig2_load_curve.png,38576,2d759651623d7c86fb23aeedc03255ea0e5fce9eedfca39160a508337f98378f
paper2_ieee_access/paper2_transferable_load_reproducibility_package/figures/paper2_fig3_load_rmse.png,38544,7094df5aa1f09bcaf1b5219fe8f3e74bdee4cc30f9529f1e8502998204bbdd55
paper2_ieee_access/paper2_transferable_load_reproducibility_package/figures/paper2_fig4_uci_transfer_rmse.png,71060,d4fb7731e9ac81bd2459f91cd04dd76e0883e62ac7cfd36c8f223e03fa87093a
paper2_ieee_access/paper2_transferable_load_reproducibility_package/figures/paper2_fig5_uci_ssl_prototype_rmse.png,100907,da005a2b7023fabd8204c9014968aa4f6c3b8d750128bb6c5b3e81580c634a9e
paper2_ieee_access/paper2_transferable_load_reproducibility_package/figures/paper2_fig6_uci_cold_start_curve.png,70142,f21c6337939eba1aaaf2f0de1349ac895ef8facc45e7dd1b87ddf6d95abe8d75
paper2_ieee_access/paper2_transferable_load_reproducibility_package/figures/paper2_fig7_uci_domain_shift_diagnostic.png,54747,8efc3afb40c458ff80f9bb24304085b11e34b720bdc8b3d148a7e0d21291b991
paper2_ieee_access/paper2_transferable_load_reproducibility_package/figures/paper2_fig8_uci_client_level_stat_tests.png,65444,ae61feb2df7fa5c1c6ef2f43c4d758f7dbdad4246455307e1d9dd61f544c71bd
paper2_ieee_access/paper2_transferable_load_reproducibility_package/figures/paper2_fig9_uci_random_conv_encoder_comparison.png,88316,9448e7e8e87ae3a46ba3fe861805203d3ab44c3d6d69dde3edade3ac63c7e888
paper2_ieee_access/paper2_transferable_load_reproducibility_package/manuscript/ieee_access/paper_2_ieee_access_data_code_availability_pack.docx,40409,2cc55dc1452a679c1730664fe9214901b2d5d8c61c72144e87a02a172631c0ed
paper2_ieee_access/paper2_transferable_load_reproducibility_package/manuscript/ieee_access/paper_2_ieee_access_data_code_availability_pack.md,12664,e9196f4419cbf62f36c1a1c95986bdac2e8d0b0a8833cdffbe3d5dc78c891903
paper2_ieee_access/paper2_transferable_load_reproducibility_package/manuscript/ieee_access/paper_2_ieee_access_manuscript_candidate.docx,1098638,2be50721eeb4eb048ed08d32f352924fc1e85ee44822353743b4c27b75c1c2b4
paper2_ieee_access/paper2_transferable_load_reproducibility_package/manuscript/ieee_access/paper_2_ieee_access_manuscript_candidate.md,66921,f824da9a74f0e0c2df742d364510aaca47e98fb5de2f6eb017229994ef306a79
paper2_ieee_access/paper2_transferable_load_reproducibility_package/manuscript/main/paper_2_transferable_load_forecasting.docx,890356,25f2831e8336ef33bf673fe51ebd22e3ae2a19fe03303a4fb5b94486d12875b6
paper2_ieee_access/paper2_transferable_load_reproducibility_package/manuscript/main/paper_2_transferable_load_forecasting.md,58830,28281776352d9c429d891a20a1c55019dc681e6fa2c07ede18bcafdf32c99995
paper2_ieee_access/paper2_transferable_load_reproducibility_package/manuscript/submission_candidate/paper_2_transferable_load_forecasting.docx,890374,d8503e4f16d8efb9bce309062fd126bd4782799d3603414e24645f30309dc68a
paper2_ieee_access/paper2_transferable_load_reproducibility_package/manuscript/submission_candidate/paper_2_transferable_load_forecasting.md,58830,28281776352d9c429d891a20a1c55019dc681e6fa2c07ede18bcafdf32c99995
paper2_ieee_access/paper2_transferable_load_reproducibility_package/references/paper2_verified_reference_block.md,8881,e54301cf12e47d041346348a299a3d3d485c6332f527d2275f6f1e939c47bfd5
paper2_ieee_access/paper2_transferable_load_reproducibility_package/references/paper2_verified_reference_register.csv,6937,f7237d9e006eecce5d2c0239c242fe1b87f749bcaa589f341ffedc8535a8e22d
paper2_ieee_access/paper2_transferable_load_reproducibility_package/references/paper2_verified_reference_register.md,3315,75ec96fa00a11c919425ba8d91a3ce0287375efebda853d0c330f9d8155736e9
paper2_ieee_access/paper2_transferable_load_reproducibility_package/references/paper2_verified_references.bib,13683,97e5f31940066db2aee1410b73a6dafa068f2e38a31963a7dee8743f4fcd1e77
paper2_ieee_access/paper2_transferable_load_reproducibility_package/requirements-paper2.txt,32,c8b6ba788a084a915945fcd734e910670b45c560c25e927997d0ca7b50ae3a73
paper2_ieee_access/paper2_transferable_load_reproducibility_package/results/opsd_public_baselines.csv,3221,1d67da1108dbcbcefac769d112c237bae2ab9515ca20735dfe5af70d46b776ee
paper2_ieee_access/paper2_transferable_load_reproducibility_package/results/opsd_public_dataset_stats.csv,585,e470ba855d0559c82370b9d414edf88bec0927d41066bcc5cdfa2421787ac08c
paper2_ieee_access/paper2_transferable_load_reproducibility_package/results/uci_appliances_energy_baselines.csv,621,a902236e8b4dffd6b6df2aa7b0f832e26ea10756ec00ca1aec5f734fe826559c
paper2_ieee_access/paper2_transferable_load_reproducibility_package/results/uci_appliances_energy_dataset_stats.csv,337,8be24973d777d05ab68aef0fbcd37a3a530d6d5adb43943b906b244b15e06dac
paper2_ieee_access/paper2_transferable_load_reproducibility_package/results/uci_appliances_energy_multihorizon_robustness.csv,2475,f00c906d74ced511eed8a843588f2cf228002ecb291ab95536ced829c115b00c
paper2_ieee_access/paper2_transferable_load_reproducibility_package/results/uci_appliances_energy_multihorizon_summary.csv,793,f24cb80d45da174131ff2ed007f48655929afea7a1d3e2de0d9ebfea3107d0a7
paper2_ieee_access/paper2_transferable_load_reproducibility_package/results/uci_combined_load_transfer_and_ssl_summary.csv,2217,5f82c4f55996b6ca792cc5ec7cb05475410c64d1790b56fb090c315ead5a6485
paper2_ieee_access/paper2_transferable_load_reproducibility_package/results/uci_load_client_selection_stats.csv,42543,47ee9386667b4ec4a29ef1610546e6f2bc2b9bfc8bf0464f36d40acf9b2da9af
paper2_ieee_access/paper2_transferable_load_reproducibility_package/results/uci_load_dataset_stats.csv,4941,281afe879188e101ece84e7fffc2c40c98692ef43ba22a9f249286c49e804acf
paper2_ieee_access/paper2_transferable_load_reproducibility_package/results/uci_load_transfer_baselines.csv,10133,55381f06ef8f737227863ebe4dd2342fd0cf9c310f128aab936a051aaf5af3db
paper2_ieee_access/paper2_transferable_load_reproducibility_package/results/uci_load_transfer_summary.csv,773,5a73e4b17fbfa2bdce5461c8baa158977f7416493c0e5b6a1798d7f901dbe15d
paper2_ieee_access/paper2_transferable_load_reproducibility_package/results/uci_neural_tdconv_residual_client_level_tests.csv,979,66f45c3eebfabe74c8efa8a004dc5ff553cc8c587154af28cd1d4d001dce6acd
paper2_ieee_access/paper2_transferable_load_reproducibility_package/results/uci_neural_tdconv_residual_results.csv,6381,370ddecaaff1142c3cf03d9ed45dedde5c5d46bf94637977491b957dd978810e
paper2_ieee_access/paper2_transferable_load_reproducibility_package/results/uci_neural_tdconv_residual_summary.csv,597,b9f60d1ac10eb93e6454635fc8ffb8cfbcbf372274b95efc5c312b572e3ab9f8
paper2_ieee_access/paper2_transferable_load_reproducibility_package/results/uci_neural_tdconv_residual_training_diagnostics.csv,3695,c4edf2191663108b7ccc4ca7b4b9793b8dfbed14aa73aa4069cc65bd4f895edc
paper2_ieee_access/paper2_transferable_load_reproducibility_package/results/uci_patch_attention_transfer_client_level_tests.csv,1007,273e6fb726e47c7d13c00cc693782299c4bb74c2c48e05ba701ab20f189eccf2
paper2_ieee_access/paper2_transferable_load_reproducibility_package/results/uci_patch_attention_transfer_results.csv,9909,dd22c4f7704bc793e38bc5c06f84d09a3048980da6e04dadc03c838398d8f650
paper2_ieee_access/paper2_transferable_load_reproducibility_package/results/uci_patch_attention_transfer_summary.csv,847,f51e73855d69bc7436869cccdba70eb5b1e9a115026c0c0e0045036e9487d431
paper2_ieee_access/paper2_transferable_load_reproducibility_package/results/uci_random_conv_client_level_tests.csv,884,a0f29d3bd23ca41b9c5e6061b7ab9a06693fddbeb5d50dc107470a2281efbbbf
paper2_ieee_access/paper2_transferable_load_reproducibility_package/results/uci_random_conv_representation_results.csv,18131,337d9d9fc7837cfa6ee61ec4f1d4326acc3a4baeaddb8782a3857757cadf2445
paper2_ieee_access/paper2_transferable_load_reproducibility_package/results/uci_random_conv_representation_summary.csv,1409,54cbfaec2e1a9e672e9dfaafc35c02290e82e722ea519081dc252fca6953603d
paper2_ieee_access/paper2_transferable_load_reproducibility_package/results/uci_source_mlp_transfer_client_level_tests.csv,1120,2ece6d16d7065c46a45d56ffffa0aea0340c8be5d265cd597c634bb5426951a5
paper2_ieee_access/paper2_transferable_load_reproducibility_package/results/uci_source_mlp_transfer_results.csv,14879,1ce7935c0b0589bcde8055bd1db16aed23b410faab8aedb3e2cdcf15dd4389bb
paper2_ieee_access/paper2_transferable_load_reproducibility_package/results/uci_source_mlp_transfer_summary.csv,1283,c7a0ffa00bbde3031e53bdafe3d7f14f9538dff967a50a5e0014330863d9af32
paper2_ieee_access/paper2_transferable_load_reproducibility_package/results/uci_source_mlp_transfer_training_diagnostics.csv,1920,14f0b7e7dcc1d2243ad83450dfad9c19313375881774655604c0733074e1cfaa
paper2_ieee_access/paper2_transferable_load_reproducibility_package/results/uci_ssl_client_level_rmse_deltas.csv,14125,4cbebc368bc0142d6b4b47f537854269081ed0f469bba21f26e9191f1feabc73
paper2_ieee_access/paper2_transferable_load_reproducibility_package/results/uci_ssl_client_level_stat_tests.csv,2028,4b228cafafc7450622765158ce38eb15c903c066917db07c7770b92dce67271d
paper2_ieee_access/paper2_transferable_load_reproducibility_package/results/uci_ssl_cold_start_results.csv,18043,be63374de6bf877bb88715b4b4e13db0af3b29bdca020a9d89ff18501affe6bf
paper2_ieee_access/paper2_transferable_load_reproducibility_package/results/uci_ssl_cold_start_summary.csv,1406,611252b556895bb17e7c95883fbc8d4405169300be39e3145e11f8675b9ab525
paper2_ieee_access/paper2_transferable_load_reproducibility_package/results/uci_ssl_domain_shift_diagnostics.csv,1544,937538795f2c404e3195df7ef004e23c645797281d57a64f119df17448df07bf
paper2_ieee_access/paper2_transferable_load_reproducibility_package/results/uci_ssl_domain_shift_summary.csv,276,d064c3421dd69dcb4c1d48ea2ec36fd9c8ac941ee49e823249997604f2e14849
paper2_ieee_access/paper2_transferable_load_reproducibility_package/results/uci_ssl_pretraining_diagnostics.csv,206,de98cf3c281e8c71a70e1ff52e8ea1806af7a37e6b772359eccecd64fb3fc32b
paper2_ieee_access/paper2_transferable_load_reproducibility_package/results/uci_ssl_representation_results.csv,16858,d53f81c7f89524f1df987f7f04d87fc98105c2b75dc4939b15540d41932210e4
paper2_ieee_access/paper2_transferable_load_reproducibility_package/results/uci_ssl_representation_summary.csv,1320,7cf7b257acc961a559d274ab8b478797d6fee36a97866cd184f7d8c66ca9f6e6
paper2_ieee_access/paper2_transferable_load_reproducibility_package/results/uci_tdconv_multiseed_stability_by_seed.csv,2526,5bb661ef52c4a969d6d0703838fecae85e74face545a585caf7bc0074404e0a8
paper2_ieee_access/paper2_transferable_load_reproducibility_package/results/uci_tdconv_multiseed_stability_results.csv,31438,b663774447395c894d74562cb92e6ca9c878930801a527200ccd54b38a2d0fab
paper2_ieee_access/paper2_transferable_load_reproducibility_package/results/uci_tdconv_multiseed_stability_summary.csv,656,7aaaefe16a72d2857e8d9f57285d5a4d085a012c20103202ac9542e797a957f5
paper2_ieee_access/paper2_transferable_load_reproducibility_package/results/uci_tdconv_multiseed_stability_tests.csv,2442,6ec5ca5f091a9b7b93ccc24d3ea10875f8c67f8802038f49c316b49633dcb763
paper2_ieee_access/paper2_transferable_load_reproducibility_package/results/uci_trainable_tdconv_baseline_results.csv,12296,3152cbabb5a12052544fb014f04bca8142b6493287089816822849aa21ffd55b
paper2_ieee_access/paper2_transferable_load_reproducibility_package/results/uci_trainable_tdconv_baseline_summary.csv,997,8def9b3926bf625ad95392dfe75bbd3f0dc85b98c387d887a6b9cd5e26a67f43
paper2_ieee_access/paper2_transferable_load_reproducibility_package/results/uci_trainable_tdconv_client_level_tests.csv,924,7b0c2d62a7ad4e81d15d2dc69ed1f6cc2f662a1634cedc77237e057f7b9f56bb
paper2_ieee_access/paper2_transferable_load_reproducibility_package/scripts/build_paper2_ieee_access_submission_pack.py,56818,013717af02841fbc1fc25cc4ca33c8f0db630438a6317f15b1b31988ad514d6c
paper2_ieee_access/paper2_transferable_load_reproducibility_package/scripts/build_paper2_reference_assets.py,17190,d94f290afe7a384a1bbb14eb016fb2160f69e5e507201a4ee39402d8c1f63f9f
paper2_ieee_access/paper2_transferable_load_reproducibility_package/scripts/build_paper_package.py,56871,bc1e0eda3df6d02c4e689d87f4f3feaa2b6e78aa6541746eacad4ef96137fbe7
paper2_ieee_access/paper2_transferable_load_reproducibility_package/scripts/create_submission_candidate_manuscripts.py,14166,4a182226bb501b3c1f2bf9cc217d176143dde445ada69886cc755a635170f616
paper2_ieee_access/paper2_transferable_load_reproducibility_package/scripts/integrate_uci_appliances_results.py,16850,0022512b30df214f0003b47641348b22698b8c81f523260dfb62c80f31d93e52
paper2_ieee_access/paper2_transferable_load_reproducibility_package/scripts/integrate_uci_client_stat_tests.py,6208,4eaa138b23f3a893b7757c39c879e49f9992f4ef92a88fd46b8b8a74a1ae60f6
paper2_ieee_access/paper2_transferable_load_reproducibility_package/scripts/integrate_uci_load_transfer_results.py,26905,cdc52d8224252f47702e44d018c6b75002554971ac2b86fdd4c3ca1b4e14bcde
paper2_ieee_access/paper2_transferable_load_reproducibility_package/scripts/integrate_uci_neural_tdconv_residual_results.py,13547,65018fa1d2649f2eac2c0bc4c24e086221e63774cac30ef334a2957130ff8a81
paper2_ieee_access/paper2_transferable_load_reproducibility_package/scripts/integrate_uci_random_conv_results.py,7221,a67e6a26f0acc26b0d0fd5a1cf64b28bd4dae0893b20e4cb846159712aafca0d
paper2_ieee_access/paper2_transferable_load_reproducibility_package/scripts/integrate_uci_trainable_tdconv_results.py,9453,fa32674a295e9e4db0b22ff221832b07e2f23a9fc11836409ce23e91d746550d
paper2_ieee_access/paper2_transferable_load_reproducibility_package/scripts/public_data_download_templates.py,4342,0a204d542534926a0971a175ea2f1ebf0908463c3924d6ce171e532651b45ae2
paper2_ieee_access/paper2_transferable_load_reproducibility_package/scripts/run_public_opsd_baselines.py,9873,e544074b0029da9cf3769a2d39ac47bc2289c3da262858a7d03d96eae4ec1ec2
paper2_ieee_access/paper2_transferable_load_reproducibility_package/scripts/run_uci_appliances_energy_baselines.py,10528,63289c291430fa30ac04ec938cf905b59dbe0f9aa46ed12c391a6e2c77f3a6ce
paper2_ieee_access/paper2_transferable_load_reproducibility_package/scripts/run_uci_appliances_multihorizon_robustness.py,8872,6d9974094ff1ce80153cd25b9be296cd33615e586a8f44d54ce45a91ed7dd7fd
paper2_ieee_access/paper2_transferable_load_reproducibility_package/scripts/run_uci_client_statistical_tests.py,9536,92838670e034d78c069343e4e11284703b9499b05816f1dc976f4ecb9a9707db
paper2_ieee_access/paper2_transferable_load_reproducibility_package/scripts/run_uci_load_transfer_baselines.py,13077,031a5bcb5a9ec077b9335ba196407b9bfc6f653b411676156194356d85ff4f1e
paper2_ieee_access/paper2_transferable_load_reproducibility_package/scripts/run_uci_neural_tdconv_residual_check.py,16087,c01bdd79a3d7cc9055cb1bbfa017ea7193fad662a1f02659980e6cf017e00124
paper2_ieee_access/paper2_transferable_load_reproducibility_package/scripts/run_uci_patch_attention_transfer_baseline.py,14975,72fea9ddf5c5ce0fdb46c4dfc7096d6ebbb400ac14d1b8fbe6de932bb143f11a
paper2_ieee_access/paper2_transferable_load_reproducibility_package/scripts/run_uci_random_conv_representation.py,14914,67cd48965204f43f75e92a8af0f1479af1baafc74fbfb7907efd805e6ba07887
paper2_ieee_access/paper2_transferable_load_reproducibility_package/scripts/run_uci_source_mlp_transfer_baseline.py,19157,0cdd9ee1838da5a5f8f6324d86e4141c714a65120658946a45b2b905901e4a5b
paper2_ieee_access/paper2_transferable_load_reproducibility_package/scripts/run_uci_ssl_cold_start_diagnostics.py,15097,acd5cedb15c1bc99319e3bdef0250ebf0b6b26da7dbb64e322fe9329dcf6a25f
paper2_ieee_access/paper2_transferable_load_reproducibility_package/scripts/run_uci_ssl_representation_prototype.py,15055,977846f3333ab78eb013f13debcb0ee292d81160dca9567391ffa98edc978895
paper2_ieee_access/paper2_transferable_load_reproducibility_package/scripts/run_uci_tdconv_multiseed_stability.py,13624,30381949eb67950b38db2ed16370971ff3742d413c29dfa16fc6188d1dd00c8c
paper2_ieee_access/paper2_transferable_load_reproducibility_package/scripts/run_uci_trainable_tdconv_baseline.py,14600,9c096c0feee12733f18b7a79e3d126f68b9295f04de2f43ed9d4a8b0533550d4
paper2_ieee_access/paper2_transferable_load_reproducibility_package/scripts/verify_paper2_supplement_package.py,28015,fa3cf1cf7d3565e374d0e6c9ad1530945858e678877f7086cbc56033b485cf27
paper3_asoc/paper3_decision_focused_vpp_reproducibility_package/DATA_LICENSE_AND_REDISTRIBUTION.md,1905,7844bb17505404a311b2b884cf05c741c08b02dd62443f951e34d7ffcf26a3cd
paper3_asoc/paper3_decision_focused_vpp_reproducibility_package/EXPERIMENT_RUNBOOK.md,82556,115b2f193f3384992edaf870eb799def087bb56f4a3443c8b601183969b94868
paper3_asoc/paper3_decision_focused_vpp_reproducibility_package/README.md,7048,bd3d098fdba9a26a6f50c06c37895f022bf7ebe2feebd11e7a6b82cf402eea17
paper3_asoc/paper3_decision_focused_vpp_reproducibility_package/REPRODUCE_RESULTS.sh,879,69a1db90c299bea78322e0e21807562049db84a98bd5b765f44909f7336bda26
paper3_asoc/paper3_decision_focused_vpp_reproducibility_package/RUN_COMMANDS.sh,1076,38a070d18bd2031df958f3983c25c5ae9812b94b3357f5a36edade1d32c5278b
paper3_asoc/paper3_decision_focused_vpp_reproducibility_package/SUBMISSION_GAP_CHECKLIST.md,66503,fb4653ce7a0a47be2d0273d5162916575689573858e0d6f3306f4b5c1bca5247
paper3_asoc/paper3_decision_focused_vpp_reproducibility_package/context/china_grid_timeseries_summary.csv,2684,1d0582e0e54314b764a4c16507ff5d46d1c63f8d6b4801d4e0f2bbf517c2b5f5
paper3_asoc/paper3_decision_focused_vpp_reproducibility_package/context/gem_china_power_facility_summary.csv,14667,350743669debfdcbf93f5cbbe85f6d09fe2e13c6972d333f3217909e9bad92ed
paper3_asoc/paper3_decision_focused_vpp_reproducibility_package/context/gis_energy_infrastructure_evidence.json,44763,c5a13a7cdefe1fe233b1f73d6fcdc07c39a01bbc0a3b9744b1f8c7a87da1bfdb
paper3_asoc/paper3_decision_focused_vpp_reproducibility_package/context/gis_energy_infrastructure_evidence.md,8005,ac7c80c9ece1311866747fec0b666f4d333c80fa8b64e41e2339a62acd5949ed
paper3_asoc/paper3_decision_focused_vpp_reproducibility_package/context/osm_china_power_grid_summary.csv,1431,a0040a24ecc8d2bc0ff27f89d64c359d5b447d701f61e0f8d8488f4a2a4c7a54
paper3_asoc/paper3_decision_focused_vpp_reproducibility_package/context/wri_china_power_plant_fuel_summary.csv,1209,74222c6caa7d6bee3a97596ff16cc00aa499fedc0206820b75c1906a0c8a03f0
paper3_asoc/paper3_decision_focused_vpp_reproducibility_package/data/PUBLIC_DATA_SOURCE_NOTES.md,458,bd41d0a5c88b15c74b6e98baab2be9ebd862f6d634d8467343ebee1638ad4a43
paper3_asoc/paper3_decision_focused_vpp_reproducibility_package/data/processed/opsd_hourly_price_load_renewables_tidy.csv,22900492,b84dc2c77a5b4f3dfe21e4f729d4f45ccf1aece61ade150564bd6b154bf659d9
paper3_asoc/paper3_decision_focused_vpp_reproducibility_package/figures/paper3_fig10_china_real_vpp_decision_baselines.png,74838,c17265e03a38aec03d9f680f76b1d5194d120fbc56093ad3934e4e1a5e757c4b
paper3_asoc/paper3_decision_focused_vpp_reproducibility_package/figures/paper3_fig11_opsd_fuzzy_risk_vpp_baseline.png,82268,62125a4f4015888c32b8b4045ab0ae57e929ab462544c44216d741b8664b48a0
paper3_asoc/paper3_decision_focused_vpp_reproducibility_package/figures/paper3_fig12_opsd_constrained_q_learning_vpp.png,118937,5e9d56f53b7853aa22494ba439ebafa201a5a436569f21798444fc68f3391814
paper3_asoc/paper3_decision_focused_vpp_reproducibility_package/figures/paper3_fig13_opsd_genetic_policy_search_vpp.png,127508,b5c863dc8b626a0a74e31ba69ce1ef1b6d70c8f27b9ac79bf99e07dfac42c246
paper3_asoc/paper3_decision_focused_vpp_reproducibility_package/figures/paper3_fig14_china_grid_gis_externality.png,60630,4cfdd1c10560f650f99b49f1af6d0378bbfb6b70278258df4fecba61c571d4f4
paper3_asoc/paper3_decision_focused_vpp_reproducibility_package/figures/paper3_fig15_opsd_genetic_multiseed_stability.png,77787,ba04fb3f2047e92da1d82a3cb0bf085b583559d659360537d048edbf9ca23b05
paper3_asoc/paper3_decision_focused_vpp_reproducibility_package/figures/paper3_fig16_opsd_pso_policy_search_vpp.png,140459,bb7da5c2d808ee35857519c12fba41159a9b9cafb4b242964822df8f826fd189
paper3_asoc/paper3_decision_focused_vpp_reproducibility_package/figures/paper3_fig17_opsd_surrogate_policy_gradient_vpp.png,141286,36df004dfba43047f70fd5696075a1ae3fefe2b12f0c347033b52fca3216db4b
paper3_asoc/paper3_decision_focused_vpp_reproducibility_package/figures/paper3_fig1_framework.png,88379,56d6bd64e8bc45fc52ede687db809fc1cd1530332a47b3163fa660c8b399412f
paper3_asoc/paper3_decision_focused_vpp_reproducibility_package/figures/paper3_fig4_opsd_vpp_risk_revenue.png,46269,4f4334eb90355e71aec7ea3610825c1b96e445d20ec3185f3002029999087813
paper3_asoc/paper3_decision_focused_vpp_reproducibility_package/figures/paper3_fig5_opsd_vpp_cvar.png,42039,2cf75c6cd5581b56d6b582e8ddbaa529354ec9eae9d4703d389d9635f429476d
paper3_asoc/paper3_decision_focused_vpp_reproducibility_package/figures/paper3_fig6_opsd_decision_focused_policy_search.png,85491,c7b236c8894e796646b58039a287b86994e79e6296841e714cf558c8f96c7807
paper3_asoc/paper3_decision_focused_vpp_reproducibility_package/figures/paper3_fig7_opsd_forecast_coupled_vpp.png,88819,71f40a35dd76fe3bcbeb4bf7b761a368a3117cebb29bd662dc76bd3426c8f4be
paper3_asoc/paper3_decision_focused_vpp_reproducibility_package/figures/paper3_fig8_opsd_risk_aversion_sensitivity.png,48813,a47896d95d0777ad85a859f38ae22c594343ed53e2aeee89263bcc25afcb30d8
paper3_asoc/paper3_decision_focused_vpp_reproducibility_package/figures/paper3_fig9_opsd_reviewer_robustness.png,119725,90d68de0152894468d21682051991210ab8e3564b26683c360bbeaca7bb483ec
paper3_asoc/paper3_decision_focused_vpp_reproducibility_package/manuscript/paper3_simulator_reproducibility_appendix.md,4276,4df6fa0001782368433ddb209730b0ef5f89f9f5c9d88253944aad8b810b85ff
paper3_asoc/paper3_decision_focused_vpp_reproducibility_package/manuscript/paper_3_asoc_data_code_availability_pack.docx,39298,bfa297b38c6a258ecd7ef2bad919befc686f9b772ced7384f3e2d8c697642738
paper3_asoc/paper3_decision_focused_vpp_reproducibility_package/manuscript/paper_3_asoc_data_code_availability_pack.md,6046,29e127eadd90cf9e81dcd7dab366e11891c724749ec1db15e2efec77e8b0acf9
paper3_asoc/paper3_decision_focused_vpp_reproducibility_package/manuscript/paper_3_asoc_manuscript_candidate.docx,1102763,e7b2913777ef2f79875de7ee72de6f3281887dae80091de957e9569a64d41968
paper3_asoc/paper3_decision_focused_vpp_reproducibility_package/manuscript/paper_3_asoc_manuscript_candidate.md,64566,190d342f48f435d5177c7b3047b484ba7bd8ce861326f6aa837c164d4ca84da7
paper3_asoc/paper3_decision_focused_vpp_reproducibility_package/manuscript/paper_3_decision_focused_vpp_bidding.docx,546988,be1c3e4edc5ba97f1f35bb6cb17471e473434c32eb4e0831d0533c4951f3a5a9
paper3_asoc/paper3_decision_focused_vpp_reproducibility_package/manuscript/paper_3_decision_focused_vpp_bidding.md,48874,2a2a32c8926d2d521488f4f1b548834a8e54a522df217d684c3affc41a5d3cf8
paper3_asoc/paper3_decision_focused_vpp_reproducibility_package/manuscript/submission_candidate/paper_3_decision_focused_vpp_bidding.docx,546832,6bc5dc4cb6c1ef7fa51aff3f14d2e7237da07643195a92ee43632e8268aee1e7
paper3_asoc/paper3_decision_focused_vpp_reproducibility_package/manuscript/submission_candidate/paper_3_decision_focused_vpp_bidding.md,48460,a74327ad8c50738e4910fc20d182f5df1ab6d173d1bd7051962aabeab0c16ccf
paper3_asoc/paper3_decision_focused_vpp_reproducibility_package/references/paper3_verified_reference_block.md,8530,cf2e14e2f45778cb2c661e2d7d525ffb684648e6dc7b461520663c50aca38b9a
paper3_asoc/paper3_decision_focused_vpp_reproducibility_package/references/paper3_verified_reference_register.csv,9470,3a966c9d8314e4661518fda8b33be72bb752b3c7e78a5a287c8dc0ceb5371e14
paper3_asoc/paper3_decision_focused_vpp_reproducibility_package/references/paper3_verified_reference_register.md,3869,1cd1011b5894c628e419729328d8d211b7f4626e6825c6bf989bd4f362923bab
paper3_asoc/paper3_decision_focused_vpp_reproducibility_package/references/paper3_verified_references.bib,13693,2bf1b17d5f4ac21e86c05b6cd344b8678fe09c2bfa5b9efbcee7b086d5476738
paper3_asoc/paper3_decision_focused_vpp_reproducibility_package/requirements-paper3.txt,32,c8b6ba788a084a915945fcd734e910670b45c560c25e927997d0ca7b50ae3a73
paper3_asoc/paper3_decision_focused_vpp_reproducibility_package/results/opsd_constrained_q_learning_vpp_daily.csv,8652938,1254726800611913859704433ff060fb12f34d143c4324a94580fd41c2533d2a
paper3_asoc/paper3_decision_focused_vpp_reproducibility_package/results/opsd_constrained_q_learning_vpp_paired_tests.csv,780,55bc6f81fa9a27a78961c23757980965295d3ec0c735dac7b281c96076cf466d
paper3_asoc/paper3_decision_focused_vpp_reproducibility_package/results/opsd_constrained_q_learning_vpp_summary.csv,14497,84ee6337aa75b3f74b52ccf99bcaad28b60d9b1a0f4809708a05e2578b6d121e
paper3_asoc/paper3_decision_focused_vpp_reproducibility_package/results/opsd_constrained_q_learning_vpp_test_aggregate.csv,873,fc8a9262d4a9bb01339bf9d9e5f13e32c5079ab7759ff924b3c1cad54ae1a57c
paper3_asoc/paper3_decision_focused_vpp_reproducibility_package/results/opsd_decision_focused_policy_coefficients.csv,1094,a697da9290e300d0599081b0b8013d560b3085107cef8751c7f8aca42a6ff46d
paper3_asoc/paper3_decision_focused_vpp_reproducibility_package/results/opsd_decision_focused_policy_daily.csv,6424833,ef1ba692c82e3c09ff82df338b96e1124e9c8e014225421fbb0d4345ea90d462
paper3_asoc/paper3_decision_focused_vpp_reproducibility_package/results/opsd_decision_focused_policy_summary.csv,10672,2a942befe9fd7e741d99af34ed6f06dab4ef4edf6392259a66c06412fdbf3e46
paper3_asoc/paper3_decision_focused_vpp_reproducibility_package/results/opsd_decision_focused_policy_test_aggregate.csv,661,0f9657c7199960d5d1d42f843d5232152888ddc30cc389e0aec24e96ed4c72b3
paper3_asoc/paper3_decision_focused_vpp_reproducibility_package/results/opsd_forecast_coupled_vpp_coefficients.csv,1116,3d39f13c7e4e1f1598f76257071889f3230e2dd8b0dfdcd30a0e71c858fa30e8
paper3_asoc/paper3_decision_focused_vpp_reproducibility_package/results/opsd_forecast_coupled_vpp_daily.csv,1573734,6cfcae8dfd5ea6c90caac07b177b6b0284492572e4eeff1096f99244c045156f
paper3_asoc/paper3_decision_focused_vpp_reproducibility_package/results/opsd_forecast_coupled_vpp_summary.csv,8597,727a69c47ffd8bc964a14f8cd1e143cd50ebb6e1841af932341bb0ac92a05bd7
paper3_asoc/paper3_decision_focused_vpp_reproducibility_package/results/opsd_forecast_coupled_vpp_test_aggregate.csv,783,b957807a19c93f97c429513e3021fb05f82da427e42e8058688cfbb26b487dfb
paper3_asoc/paper3_decision_focused_vpp_reproducibility_package/results/opsd_fuzzy_risk_vpp_baseline_daily.csv,5211934,5de997c2385263b6811edffcf98dd247aec04075ce2aac109c8fc09def38d3e7
paper3_asoc/paper3_decision_focused_vpp_reproducibility_package/results/opsd_fuzzy_risk_vpp_baseline_summary.csv,8642,98dfe90941fcaeb477b2ca9ae1f6e1b5dde009103da71877599afdf276f12254
paper3_asoc/paper3_decision_focused_vpp_reproducibility_package/results/opsd_fuzzy_risk_vpp_baseline_test_aggregate.csv,544,7f3742fd3c0adcb35b25ed206a353f1652f1fd0c540246b70c7a4d06faa35d77
paper3_asoc/paper3_decision_focused_vpp_reproducibility_package/results/opsd_genetic_policy_multiseed_stability_by_seed.csv,482,b81cea88b42e92786a019b8a5b2aff45f4bc604edaeacb862309dd5ee24fcc6f
paper3_asoc/paper3_decision_focused_vpp_reproducibility_package/results/opsd_genetic_policy_multiseed_stability_by_zone.csv,3689,ca661a12d2f953e81cb5b449ea32c4f61d68696939263f9e438eb48e07313b08
paper3_asoc/paper3_decision_focused_vpp_reproducibility_package/results/opsd_genetic_policy_multiseed_stability_coefficients.csv,2924,0298ec05cbf7c4a9bb37fb1563c90373088d72524d1eefcc4fb9724caf67d9d2
paper3_asoc/paper3_decision_focused_vpp_reproducibility_package/results/opsd_genetic_policy_multiseed_stability_summary.csv,854,3ae9d701b897df939c8c9389cf6cc7b9e0519b0f3bfeda1a97d94978486b2685
paper3_asoc/paper3_decision_focused_vpp_reproducibility_package/results/opsd_genetic_policy_search_vpp_coefficients.csv,1795,8b12072583983a589a1e29b477f872276c215c86dc3b0ff2dd239283983bd1ee
paper3_asoc/paper3_decision_focused_vpp_reproducibility_package/results/opsd_genetic_policy_search_vpp_daily.csv,11034691,f91d19378b67e1563c1a254fd254316e54114cf3b3e240c5ceb7d5fdf7f3c2b7
paper3_asoc/paper3_decision_focused_vpp_reproducibility_package/results/opsd_genetic_policy_search_vpp_paired_tests.csv,1032,8ed779bd812a4883a12ac28d54ff44682acc04352c54c8bacec695660ea273b8
paper3_asoc/paper3_decision_focused_vpp_reproducibility_package/results/opsd_genetic_policy_search_vpp_summary.csv,18503,fe7c2187ead798bd7564f170ca0f0835a67fc2ecbb252591654c6ce029714f9d
paper3_asoc/paper3_decision_focused_vpp_reproducibility_package/results/opsd_genetic_policy_search_vpp_test_aggregate.csv,1102,83f9cb9a1dc153e247ebbb98d5d22833e83b7016dfda78f7ca171c22bb728d55
paper3_asoc/paper3_decision_focused_vpp_reproducibility_package/results/opsd_price_probabilistic_conformal_daily.csv,5564247,1816b799c8129a8b9596948e2bd3db0f6bfb77d8df6044936e8031c77fafa503
paper3_asoc/paper3_decision_focused_vpp_reproducibility_package/results/opsd_pso_policy_search_vpp_coefficients.csv,1763,df4ff1b63c735a49aecddd192ec9ddf7481c1480a1f538d6fddb8b17de7a4df0
paper3_asoc/paper3_decision_focused_vpp_reproducibility_package/results/opsd_pso_policy_search_vpp_daily.csv,13347933,8070499da8498adecff3f66a5e9ca5c6a716dda1da575fafcd931333f9105c30
paper3_asoc/paper3_decision_focused_vpp_reproducibility_package/results/opsd_pso_policy_search_vpp_paired_tests.csv,1263,8bafcd03ec758109dd860d51f5650461ee281464badaf79872f5dfb2b07dbdad
paper3_asoc/paper3_decision_focused_vpp_reproducibility_package/results/opsd_pso_policy_search_vpp_summary.csv,22406,91fa5e4bebff67dd4c05fe666f251be0db06d0c1c45904137891bab091bb40b0
paper3_asoc/paper3_decision_focused_vpp_reproducibility_package/results/opsd_pso_policy_search_vpp_test_aggregate.csv,1325,a3f8ac39f645ce10ec1873ea2cc3c1ee99c8f1e51cb2ed07a3d3a1d1b69df844
paper3_asoc/paper3_decision_focused_vpp_reproducibility_package/results/opsd_public_dataset_stats.csv,585,e470ba855d0559c82370b9d414edf88bec0927d41066bcc5cdfa2421787ac08c
paper3_asoc/paper3_decision_focused_vpp_reproducibility_package/results/opsd_public_vpp_decision_daily.csv,497393,e82f3ed7482baa8fa2bd69715a6677b924b70c2f61c4289f9f35df838e8af70c
paper3_asoc/paper3_decision_focused_vpp_reproducibility_package/results/opsd_public_vpp_decision_summary.csv,482,c5c04a9661d9f166c705ec91b65b4569788b0af0d50b98cb6067fb5c6fff9a3f
paper3_asoc/paper3_decision_focused_vpp_reproducibility_package/results/opsd_risk_aversion_sensitivity_coefficients.csv,2723,98de9d3fd2bc6cf9f7580b6f23595c27bbecf862f82acc33cd774079df64d7f8
paper3_asoc/paper3_decision_focused_vpp_reproducibility_package/results/opsd_risk_aversion_sensitivity_daily.csv,8131621,0a0b4326168d95560deba90ebc25573019de601d2848a714c557d8e3378bab81
paper3_asoc/paper3_decision_focused_vpp_reproducibility_package/results/opsd_risk_aversion_sensitivity_summary.csv,11564,590fea2c11bca6984149dee5efe9c3f099e885be3b6cdfdd275561df3b730d6e
paper3_asoc/paper3_decision_focused_vpp_reproducibility_package/results/opsd_risk_aversion_sensitivity_test_aggregate.csv,824,2b0d08350e86ad5e071d9ec4f0033b0e5692e4561b2f7341d756b6b30d329db7
paper3_asoc/paper3_decision_focused_vpp_reproducibility_package/results/opsd_surrogate_policy_gradient_vpp_coefficients.csv,3242,46ea545e98e9bf6d747c376f246d353cee4e9f0eead8c4a3f5a891c4baa8ae7c
paper3_asoc/paper3_decision_focused_vpp_reproducibility_package/results/opsd_surrogate_policy_gradient_vpp_daily.csv,13512800,c7c40aeaf788ed2afa95c349350d578848fd10365ca68fbfc0886dcffecc9581
paper3_asoc/paper3_decision_focused_vpp_reproducibility_package/results/opsd_surrogate_policy_gradient_vpp_paired_tests.csv,1220,7989abd31a1cb3bf30c5b0743565cd87d840d253a2aa80770e4bb1e21cf86ba5
paper3_asoc/paper3_decision_focused_vpp_reproducibility_package/results/opsd_surrogate_policy_gradient_vpp_summary.csv,22599,2fe98f6d27f892bce2a02f0582dd4a1f37beb9b8d1ffb2c0ed66d29447072e53
paper3_asoc/paper3_decision_focused_vpp_reproducibility_package/results/opsd_surrogate_policy_gradient_vpp_test_aggregate.csv,1342,42600a516e9a5098c033a0d717e304162267253239fee512186f6c2f007ed569
paper3_asoc/paper3_decision_focused_vpp_reproducibility_package/results/opsd_surrogate_policy_gradient_vpp_training_trace.csv,26960,fd1891f83744813bf943d50234e55bfec502a559412fa89cebff719bd52e33eb
paper3_asoc/paper3_decision_focused_vpp_reproducibility_package/results/opsd_vpp_reviewer_robustness_fine_grid_coefficients.csv,868,c95804088e2fb5cd99c09e5fef2deb9d2bf87e243cdd7f37a10f2504c5bcd382
paper3_asoc/paper3_decision_focused_vpp_reproducibility_package/results/opsd_vpp_reviewer_robustness_fine_grid_daily.csv,937408,1bf5dab06fa0385452a64787571e2a9ae2af4192d5d6125f6b246cb151d5da52
paper3_asoc/paper3_decision_focused_vpp_reproducibility_package/results/opsd_vpp_reviewer_robustness_fine_grid_summary.csv,488,2cf6fbad001fab38aab55afac4195ec3a7f54a97cb466610f13149ac5a3006b2
paper3_asoc/paper3_decision_focused_vpp_reproducibility_package/results/opsd_vpp_reviewer_robustness_stress_aggregate.csv,1336,4226d9e50b522626f52e1e587bb34a6161953e5a54699893887c92bebe21d21a
paper3_asoc/paper3_decision_focused_vpp_reproducibility_package/results/opsd_vpp_reviewer_robustness_stress_daily.csv,9067641,6e8e3992d5467dbb7b51272b713ae6485ebfa22d761d039a0f63e68da3ed2b79
paper3_asoc/paper3_decision_focused_vpp_reproducibility_package/results/opsd_vpp_reviewer_robustness_stress_summary.csv,4705,9169e405a3f2d45491e1e3c68370012e2f3e6c0c50a640b18328638762eacf6a
paper3_asoc/paper3_decision_focused_vpp_reproducibility_package/results/opsd_vpp_risk_capacity_sensitivity.csv,4567,d6948eb4fff07d1fc09fabd602c68b2c78412209ca164340e73b675ca544d538
paper3_asoc/paper3_decision_focused_vpp_reproducibility_package/results/opsd_vpp_risk_extended_daily.csv,4028871,099c8c9c3e7baecedb47b40626c6f5e833d4bc711c931b87bf1db9bfb030c5fc
paper3_asoc/paper3_decision_focused_vpp_reproducibility_package/results/opsd_vpp_risk_extended_summary.csv,2877,080dcc314d3229f34b84a3bcbb314254ac48aa40cb2cbf8634de92e7711be687
paper3_asoc/paper3_decision_focused_vpp_reproducibility_package/scripts/build_gis_energy_infrastructure_evidence.py,34624,3d67e281402ca680b89c96dded62c8388ef396c6ff79999067cff6d4bacef0aa
paper3_asoc/paper3_decision_focused_vpp_reproducibility_package/scripts/build_paper3_asoc_submission_pack.py,54274,a024eae0a13c6d56eeb8b0146a80036aac2605b11b080543ee790d16f46f1267
paper3_asoc/paper3_decision_focused_vpp_reproducibility_package/scripts/build_paper3_reference_assets.py,16493,b61e6b30bd9d047346b222527788b61cc12ddab7bcd5413d866bb75bf3b9dd2b
paper3_asoc/paper3_decision_focused_vpp_reproducibility_package/scripts/build_paper_package.py,56862,d49df05ea6fe29dd7eb3cc5e0597ae70c7121a0d5a70c32ab2f6c4aecb630aa2
paper3_asoc/paper3_decision_focused_vpp_reproducibility_package/scripts/create_submission_candidate_manuscripts.py,14157,d10ddc54d84216545513efb5e446c426a9e2ccad8270c3ac9f6d8c7d65260288
paper3_asoc/paper3_decision_focused_vpp_reproducibility_package/scripts/integrate_paper3_notation_appendix.py,8811,e10ea37c09048fa6397f38aa6249eb3f16bb3f297c66f57d9e6e1d2b1ef75378
paper3_asoc/paper3_decision_focused_vpp_reproducibility_package/scripts/integrate_paper3_verified_references.py,8570,1a9cf029ab952b4d946204691461488210957c6e724402c6e9ed91cde2d59b9c
paper3_asoc/paper3_decision_focused_vpp_reproducibility_package/scripts/public_data_download_templates.py,4342,0a204d542534926a0971a175ea2f1ebf0908463c3924d6ce171e532651b45ae2
paper3_asoc/paper3_decision_focused_vpp_reproducibility_package/scripts/run_opsd_constrained_q_learning_vpp_baseline.py,17316,2fa0dffbeebd240e776fe6ddaae4b6e7a525780429f77963652c2128b4becb8b
paper3_asoc/paper3_decision_focused_vpp_reproducibility_package/scripts/run_opsd_decision_focused_policy_search.py,12097,dff1c69cb56abc984eefb036dad0dbffd03cd724bd55b41e4332068e53f9e522
paper3_asoc/paper3_decision_focused_vpp_reproducibility_package/scripts/run_opsd_forecast_coupled_vpp.py,16980,a872ed2f2e3388eebc4ef669335b838dc4155324088f81be0b9cf108dfd72bf1
paper3_asoc/paper3_decision_focused_vpp_reproducibility_package/scripts/run_opsd_fuzzy_risk_vpp_baseline.py,8411,c11fd3b2d68cbe9c64b26a8fae38475ce1df59c539d2ee13500172274f5e0d72
paper3_asoc/paper3_decision_focused_vpp_reproducibility_package/scripts/run_opsd_genetic_policy_multiseed_stability.py,11784,efebecd9fd158c33adfcf1873aa10d782d6705f261bf9faa36886f1f577f3131
paper3_asoc/paper3_decision_focused_vpp_reproducibility_package/scripts/run_opsd_genetic_policy_search_vpp_baseline.py,17328,54fe23a26c8896132b5a30eabfe5e354fbe94e5cbbb98d74c5fabf8887db8d8f
paper3_asoc/paper3_decision_focused_vpp_reproducibility_package/scripts/run_opsd_pso_policy_search_vpp_baseline.py,16406,b9fd3b664074597e79b70083a2bc704ece75309253d8fd689ba6932d11c087e8
paper3_asoc/paper3_decision_focused_vpp_reproducibility_package/scripts/run_opsd_risk_aversion_sensitivity.py,9163,aa5af2187c1efcf04b2872c94571c9b1b51040c50c877b6740621cf444f0bbe5
paper3_asoc/paper3_decision_focused_vpp_reproducibility_package/scripts/run_opsd_surrogate_policy_gradient_vpp_baseline.py,19909,0a6a9f82d53deb7f07a79feb058600f1c67704886e4c9d59b881ba9ad9a65cea
paper3_asoc/paper3_decision_focused_vpp_reproducibility_package/scripts/run_opsd_vpp_reviewer_robustness.py,16871,78f9caa05481e0589dc399a387d71e81082306710c477500a775e11cb3bf15c5
paper3_asoc/paper3_decision_focused_vpp_reproducibility_package/scripts/run_opsd_vpp_risk_simulator.py,13930,0dc21b5cf30a936590c03b44ee54ee42626d6c85f71fc872f81b4d852b6913a8
paper3_asoc/paper3_decision_focused_vpp_reproducibility_package/scripts/run_public_opsd_baselines.py,9873,e544074b0029da9cf3769a2d39ac47bc2289c3da262858a7d03d96eae4ec1ec2
paper3_asoc/paper3_decision_focused_vpp_reproducibility_package/scripts/verify_paper3_supplement_package.py,17904,81275caddf1fa41f311f799a87320c9430e63ba876995159cdc2fc23acc71495
